<manifesto>
    <public>true</public>
    <description>Alguns Ficheiros</description>
    <files>
        <file>
            <filename>projeto_EW2025.pdf</filename>
            <title>Enunciado do Projeto</title>
            <type>pdf</type>
            <tags>
                <tag>Enunciado</tag>
                <tag>PDF</tag>
                <tag>EW</tag>
            </tags>
        </file>
        <file>
            <filename>EEUM_desktop.png</filename>
            <title>Wallpaper da Escola de Engenharia</title>
            <type>image</type>
            <tags>
                <tag>Wallpaper</tag>
                <tag>EEUM</tag>
                <tag>Desktop</tag>
            </tags>
        </file>
        <file>
            <filename>EEUM_mobile.jpg</filename>
            <title>Wallpaper da Escola de Engenharia - Mobile</title>
            <type>image</type>
            <tags>
                <tag>Wallpaper</tag>
                <tag>EEUM</tag>
                <tag>Mobile</tag>
            </tags>
        </file>
        <file>
            <filename>texto.txt</filename>
            <title>Ficheiro de texto</title>
            <type>text</type>
            <tags>
                <tag>Texto</tag>
            </tags>
        </file>
    </files>
</manifesto>